id,name,read,pattern,sequence,feature_type
1,CD80,R2,5P(BC),ACGAATCAATCTGTG,anti-human
2,CD86,R2,5P(BC),GTCTTTGTCAGTGCA,anti-human
3,CD274_(B7-H1_PD-L1),R2,5P(BC),GTTGTCCGACAATAC,anti-human
4,CD273__(B7-DC_PD-L2),R2,5P(BC),TCAACGCTTGGCTAG,anti-human
5,CD276_(B7-H3),R2,5P(BC),GACTGGGAGGGTATT,anti-human
6,Galectin-9,R2,5P(BC),ACTCACTGGAGTCTC,anti-human
7,CD270_(HVEM_TR2),R2,5P(BC),TGATAGAAACAGACC,anti-human
8,CD252_(OX40L),R2,5P(BC),TTTAGTGATCCGACT,anti-human
9,CD137L_(4-1BB_Ligand),R2,5P(BC),ATTCGCCTTACGCAA,anti-human
10,CD155_(PVR),R2,5P(BC),ATCACATCGTTGCCA,anti-human
11,CD112_(Nectin-2),R2,5P(BC),AACCTTCCGTCTAAG,anti-human
12,CD47,R2,5P(BC),GCATTCTGTCACCTA,anti-human
13,CD48,R2,5P(BC),CTACGACGTAGAAGA,anti-human
14,CD40,R2,5P(BC),CTCAGATGGAGTATG,anti-human
15,CD154,R2,5P(BC),GCTAGATAGATGCAA,anti-human
16,CD52,R2,5P(BC),CTTTGTACGAGCAAA,anti-human
17,CD3,R2,5P(BC),CTCATTGTAACTCCT,anti-human
18,CD8,R2,5P(BC),GCGCAACTTGATGAT,anti-human
19,CD56_(NCAM),R2,5P(BC),TCCTTTCCTGATAGG,anti-human
20,CD45,R2,5P(BC),TCCCTTGCGATTTAC,anti-human
21,CD19,R2,5P(BC),CTGGGCAATTACTCG,anti-human
22,CD33,R2,5P(BC),TAACTCAGGGCCTAT,anti-human
23,CD11c,R2,5P(BC),TACGCCTATAACTTG,anti-human
24,CD34,R2,5P(BC),GCAGAAATCTCCCTT,anti-human
25,HLA-ABC,R2,5P(BC),TATGCGAGGCTTATC,anti-human
26,CD90_(Thy1),R2,5P(BC),GCATTGTACGATTCA,anti-human
27,CD117_(c-kit),R2,5P(BC),AGACTAATAGCTGAC,anti-human
28,CD10,R2,5P(BC),CAGCCATTCATTAGG,anti-human
29,CD45RA,R2,5P(BC),TCAATCCTTCCGCTT,anti-human
30,CD123,R2,5P(BC),CTTCACTCTGTCAGG,anti-human
31,CD7,R2,5P(BC),TGGATTCCCGGACTT,anti-human
32,CD105,R2,5P(BC),ATCGTCGAGAGCTAG,anti-human
33,CD201_(EPCR),R2,5P(BC),GTTTCCTTGACCAAG,anti-human
34,CD194_(CCR4),R2,5P(BC),AGCTTACCTGCACGA,anti-human
35,CD44,R2,5P(BC),TGGCTTCAGGTCCTA,anti-human
36,CD14,R2,5P(BC),TCTCAGACCTCCGTA,anti-human
37,CD16,R2,5P(BC),AAGTTCACTCTTTGC,anti-human
38,CD25,R2,5P(BC),TTTGTCCTGTACGCC,anti-human
39,CD45RO,R2,5P(BC),CTCCGAATCATGTTG,anti-human
40,CD279_(PD-1),R2,5P(BC),ACAGCGCCGTATTTA,anti-human
41,TIGIT_(VSTM3),R2,5P(BC),TTGCTTACCGCCAGA,anti-human
42,IgG1_κ_isotype_Ctrl,R2,5P(BC),GCCGGACGACATTAA,anti-human
43,IgG2a_κ_isotype_Ctrl,R2,5P(BC),CTCCTACCTAAACTG,anti-human
44,IgG2b_κ_isotype_Ctrl,R2,5P(BC),ATATGTATCACGCGA,anti-human
45,IgG2b_κ_Isotype_Ctrl,R2,5P(BC),GATTCTTGACGACCT,anti-human
46,CD20,R2,5P(BC),TTCTGGGTCCCTAGA,anti-human
47,CD335_(NKp46),R2,5P(BC),ACAATTTGAACAGCG,anti-human
48,CD294_(CRTH2),R2,5P(BC),TGTTTACGAGAGCCC,anti-human
49,CD45R/B220,R2,5P(BC),CCTACACCTCATAAT,anti-human
50,CD326_(Ep-CAM),R2,5P(BC),TTCCGAGCAAGTATC,anti-human
51,CD31,R2,5P(BC),ACCTTTATGCCACGG,anti-human
52,Podoplanin,R2,5P(BC),GGTTACTCGTTGTGT,anti-human
53,CD140a_(PDGFRα),R2,5P(BC),ATGCGCCGAGAATTA,anti-human
54,CD140b_(PDGFRβ),R2,5P(BC),CAATGGTTCACTGCC,anti-human
55,EGFR,R2,5P(BC),GCTTAACATTGGCAC,anti-human
56,CD146,R2,5P(BC),CCTTGGATAACATCA,anti-human
57,IgM,R2,5P(BC),TAGCGAGCCCGTATA,anti-human
58,CD5,R2,5P(BC),CATTAACGGGATGCC,anti-human
59,CD183_(CXCR3),R2,5P(BC),GCGATGGTAGATTAT,anti-human
60,CD195_(CCR5),R2,5P(BC),CCAAAGTAAGAGCCA,anti-human
61,CD32,R2,5P(BC),GCTTCCGAATTACCG,anti-human
62,CD185_(CXCR5),R2,5P(BC),AATTCAACCGTCGCC,anti-human
63,CD103_(Integrin_αE),R2,5P(BC),GACCTCATTGTGAAT,anti-human
64,CD197_(CCR7),R2,5P(BC),AGTTCAGTCAACCGA,anti-human
65,CD161,R2,5P(BC),GTACGCAGTCCTTCT,anti-human
66,CD152_(CTLA-4),R2,5P(BC),ATGGTTCACGTAATC,anti-human
67,KLRG1_(MAFA),R2,5P(BC),CTTATTTCCTGCCCT,anti-human
68,CD27,R2,5P(BC),GCACTCCTGCATGTA,anti-human
69,CD107a_(LAMP-1),R2,5P(BC),CAGCCCACTGCAATA,anti-human
70,CD95_(Fas),R2,5P(BC),CCAGCTCATTAGAGC,anti-human
71,HLA-DR,R2,5P(BC),AATAGCGAGCAAGTA,anti-human
72,CD1c,R2,5P(BC),GAGCTACTTCACTCG,anti-human
73,CD11b,R2,5P(BC),GACAAGTGATCTGCA,anti-human
74,CD64,R2,5P(BC),AAGTATGCCCTACGA,anti-human
75,CD141_(Thrombomodulin),R2,5P(BC),GGATAACCGCGCTTT,anti-human
76,CD314_(NKG2D),R2,5P(BC),CGTGTTTGTTCCTCA,anti-human
77,CD66b,R2,5P(BC),AGCTGTAAGTTTCGG,anti-human
78,CD57_Recombinant,R2,5P(BC),AACTCCCTATGGAGG,anti-human
79,CD366_(Tim-3),R2,5P(BC),TGTCCTACCCAACTT,anti-human
80,CD272_(BTLA),R2,5P(BC),GTTATTGGACTAAGG,anti-human
81,CD278_(ICOS),R2,5P(BC),CGCGCACCCATTAAA,anti-human
82,CD275_(B7-H2_B7-RP1_ICOSL),R2,5P(BC),GTTAGTGTTAGCTTG,anti-human
83,CD96_(TACTILE),R2,5P(BC),TGGCCTATAAATGGT,anti-human
84,CD39,R2,5P(BC),TTACCTGGTATCCGT,anti-human
85,CD178_(Fas-L),R2,5P(BC),CCGGTCCTCTGTATT,anti-human
86,CX3CR1,R2,5P(BC),AGTATCGTCTCTGGG,anti-human
87,CD21,R2,5P(BC),AACCTAGTAGTTCGG,anti-human
88,CD11a,R2,5P(BC),TATATCCTTGTGAGC,anti-human
89,CD79b_(Igβ),R2,5P(BC),ATTCTTCAACCGAAG,anti-human
90,CD244_(2B4),R2,5P(BC),TCGCTTGGATGGTAG,anti-human
91,CD235ab,R2,5P(BC),GCTCCTTTACACGTA,anti-human
92,CD206_(MMR),R2,5P(BC),TCAGAACGTCTAACT,anti-human
93,CD370_(CLEC9A/DNGR1),R2,5P(BC),CTGCATTTCAGTAAG,anti-human
94,CD268_(BAFF-R),R2,5P(BC),CGAAGTCGATCCGTA,anti-human
95,CD42b,R2,5P(BC),TCCTAGTACCGAAGT,anti-human
96,CD54,R2,5P(BC),CTGATAGACTTGAGT,anti-human
97,CD62P_(P-Selectin),R2,5P(BC),CCTTCCGTATCCCTT,anti-human
98,CD119_(IFN-γ_R_α_chain),R2,5P(BC),TGTGTATTCCCTTGT,anti-human
99,TCR_α/β,R2,5P(BC),CGTAACGTAGAGCGA,anti-human
100,Notch_3,R2,5P(BC),CTATTGGACGTATCT,anti-human
101,IgG1_k_Isotype_Ctrl,R2,5P(BC),ATCAGATGCCCTCAT,anti-human
102,IgG1_λ_Isotype_Ctrl,R2,5P(BC),GGGAGCGATTCAACT,anti-human
103,IgG2a_κ_Isotype_Ctrl,R2,5P(BC),AAGTCAGGTTCGTTT,anti-human
104,IgG2c_κ_Isotype_Ctrl,R2,5P(BC),TCCAGGCTAGTCATT,anti-human
105,Hamster_IgG_Isotype_Ctrl,R2,5P(BC),CCTGTCATTAAGACT,anti-human
106,CD192_(CCR2),R2,5P(BC),GAGTTCCCTTACCTG,anti-human
107,CD102_(ICAM-2),R2,5P(BC),TGACCTTCCTCTCCT,anti-human
108,CD106,R2,5P(BC),TCACAGTTCCTTGGA,anti-human
109,CD122_(IL-2Rβ),R2,5P(BC),TCATTTCCTCCGATT,anti-human
110,CD267_(TACI),R2,5P(BC),AGTGATGGAGCGAAC,anti-human
111,FcεRIα,R2,5P(BC),CTCGTTTCCGTATCG,anti-human
112,CD41,R2,5P(BC),ACGTTGTGGCCTTGT,anti-human
113,CD137_(4-1BB),R2,5P(BC),CAGTAAGTTCGGGAC,anti-human
114,CD254_(TRANCE_RANKL),R2,5P(BC),TCCGTGTTAGTTTGT,anti-human
115,CD43,R2,5P(BC),GATTAACCAGCTCAT,anti-human
116,CD163,R2,5P(BC),GCTTCTCCTTCCTTA,anti-human
117,CD83,R2,5P(BC),CCACTCATTTCCGGT,anti-human
118,CD59,R2,5P(BC),AATTAGCCGTCGAGA,anti-human
119,CD13,R2,5P(BC),TTTCAACGCCCTTTC,anti-human
120,CD184_(CXCR4),R2,5P(BC),TCAGGTCCTTTCAAC,anti-human
121,CD2,R2,5P(BC),TACGATTTGTCAGGG,anti-human
122,CD29,R2,5P(BC),GTATTCCCTCAGTCA,anti-human
123,CD49b,R2,5P(BC),GCTTTCTTCAGTATG,anti-human
124,CD61,R2,5P(BC),AGGTTGGAGTAGACT,anti-human
125,CD81_(TAPA-1),R2,5P(BC),GTATCCTTCCTTGGC,anti-human
126,CD98,R2,5P(BC),GCACCAACAGCCATT,anti-human
127,IgG_Fc,R2,5P(BC),CTGGAGCGATTAGAA,anti-human
128,CD177,R2,5P(BC),AGTATGGAGCCATAT,anti-human
129,CD55,R2,5P(BC),GCTCATTACCCATTA,anti-human
130,IgD,R2,5P(BC),CAGTCTCCGTAGAGT,anti-human
131,CD18,R2,5P(BC),TATTGGGACACTTCT,anti-human
132,CD28,R2,5P(BC),TGAGAACGACCCTAA,anti-human
133,TSLPR_(TSLP-R),R2,5P(BC),CAGTCCTCTCTGTCA,anti-human
134,CD38,R2,5P(BC),TGTACCCGCTTGTGA,anti-human
135,CD15_(SSEA-1),R2,5P(BC),TCACCAGTACCTAGT,anti-human
136,CD22,R2,5P(BC),GGGTTGTTGTCTTTG,anti-human
137,B7-H4,R2,5P(BC),TGTATGTCTGCCTTG,anti-human
138,CD26,R2,5P(BC),GGTGGCTAGATAATG,anti-human
139,CD193_(CCR3),R2,5P(BC),ACCAATCCTTTCGTC,anti-human
140,CD115_(CSF-1R),R2,5P(BC),AATCACGGTCCTTGT,anti-human
141,CD204,R2,5P(BC),TAGCGAGCCAGATGT,anti-human
142,CD301_(CLEC10A),R2,5P(BC),ACCTAGAAATCAGCA,anti-human
143,CD1a,R2,5P(BC),GATCGTGTTGTGTTA,anti-human
144,CD63,R2,5P(BC),GAGATGTCTGCAACT,anti-human
145,CD304_(Neuropilin-1),R2,5P(BC),GGACTAAGTTTCGTT,anti-human
146,CD36,R2,5P(BC),TTCTTTGCCTTGCCA,anti-human
147,CD85g_(ILT7),R2,5P(BC),TGTCAGTTCCTATGA,anti-human
148,CD243_(ABCB1),R2,5P(BC),TGACCCGACCTTTAG,anti-human
149,CD72,R2,5P(BC),CAGTCGTGGTAGATA,anti-human
150,CD158_(KIR2DL1/S1/S3/S5),R2,5P(BC),TATCAACCAACGCTT,anti-human
151,MERTK,R2,5P(BC),TCCTGCATGTACCCA,anti-human
152,Folate_Receptor_β_(FR-β),R2,5P(BC),TGTGGCTAGTCAGTT,anti-human
153,CD171_(LICAM),R2,5P(BC),GATGGACGACAATTC,anti-human
154,(Prion),R2,5P(BC),CAGGTCCCTTATTTC,anti-human
155,CD325_(N-Cadherin),R2,5P(BC),CCTTCCCTTTCCTCT,anti-human
156,CD93,R2,5P(BC),GCGCTACTTCCTTGA,anti-human
157,CD338_(ABCG2),R2,5P(BC),TAAGACTTGGCCGTC,anti-human
158,CD235a_(Glycophorin_A),R2,5P(BC),AGAGTATGTATGGGA,anti-human
159,CD49a,R2,5P(BC),ACTGATGGACTCAGA,anti-human
160,CD49d,R2,5P(BC),CCATTCAACTTCCGG,anti-human
161,CD73,R2,5P(BC),CAGTTCCTCAGTTCG,anti-human
162,CD9,R2,5P(BC),GAGTCACCAATCTGC,anti-human
163,mast_cell_tryptase,R2,5P(BC),ACTGATAGACCCGCT,anti-human
164,TCR_Vα7.2,R2,5P(BC),TACGAGCAGTATTCA,anti-human
165,TCR_Vδ2,R2,5P(BC),TCAGTCAGATGGTAT,anti-human
166,TCR_Vγ9,R2,5P(BC),AAGTGATGGTATCTG,anti-human
167,CD354_(TREM-1),R2,5P(BC),TAGCCGTTTCCTTTG,anti-human
168,CD202b_(Tie2/Tek),R2,5P(BC),CGATCCCTTACCTAT,anti-human
169,CD305_(LAIR1),R2,5P(BC),ATTTCCATTCCCTGT,anti-human
170,LOX-1,R2,5P(BC),ACCCTTTACCGAATA,anti-human
171,CD158b_(KIR2DL2/L3__NKAT2),R2,5P(BC),GACCCGTAGTTTGAT,anti-human
172,CD209_(DC-SIGN),R2,5P(BC),TCACTGGACACTTAA,anti-human
173,CD110,R2,5P(BC),TGTTGTAAGATGCCA,anti-human
174,CD158e1_(KIR3DL1_NKB1),R2,5P(BC),GGACGCTTTCCTTGA,anti-human
175,CD337_(NKp30),R2,5P(BC),AAAGTCACTCTGCCG,anti-human
176,CD253_(Trail),R2,5P(BC),GCCATTCCTGCCTAA,anti-human
177,CD186_(CXCR6),R2,5P(BC),GACAGTCGATGCAAC,anti-human
178,CD226_(DNAM-1),R2,5P(BC),AGACCAACTCATTCA,anti-human
179,CD205_(DEC-205),R2,5P(BC),CTATCGTTTGATGCA,anti-human
180,CD109,R2,5P(BC),CACTTAACTCTGGGT,anti-human
181,CD126_(IL-6Rα),R2,5P(BC),TGATGGGAGCTTATC,anti-human
182,GP130,R2,5P(BC),CACGAGAATTTCAGT,anti-human
183,CD164,R2,5P(BC),GAGGCACTTAACATA,anti-human
184,CD142,R2,5P(BC),CACTGCCGTCGATTA,anti-human
185,CD307c/FcRL3,R2,5P(BC),GCCTAGTTTGAACGC,anti-human
186,CD307d_(FcRL4),R2,5P(BC),CGATTTGATCTGCCT,anti-human
187,CD307e_(FcRL5),R2,5P(BC),TCACGCAGTCCTCAA,anti-human
188,CD199_(CCR9),R2,5P(BC),ATTCCTCATTCCTGA,anti-human
189,CD45RB,R2,5P(BC),AGATGGGACTCACCA,anti-human
190,CD99,R2,5P(BC),ACCCGTCCCTAAGAA,anti-human
191,CLEC12A,R2,5P(BC),CATTAGAGTCTGCCA,anti-human
192,CD46,R2,5P(BC),ACAGTACGACCTTCT,anti-human
193,CD151_(PETA-3),R2,5P(BC),CTTACCTAGTCATTC,anti-human
194,CD218a_(IL-18Rα),R2,5P(BC),TTGTTGTATCCGATC,anti-human
195,CD352_(NTB-A),R2,5P(BC),AGTTTCCACTCAGGC,anti-human
196,CLEC1B_(CLEC2),R2,5P(BC),TGCCAGTATCACGTA,anti-human
197,CD94,R2,5P(BC),CTTTCCGGTCCTACA,anti-human
198,IgE,R2,5P(BC),GGATGTACCGCGTAT,anti-human
199,CD365_(Tim-1),R2,5P(BC),CTTCTGGGATTCTGG,anti-human
200,CD150_(SLAM),R2,5P(BC),GTCATTGTATGTCTG,anti-human
201,CD162,R2,5P(BC),ATATGTCAGAGCACC,anti-human
202,CD84,R2,5P(BC),CTCCCTAGTTCCTTT,anti-human
203,Ig_light_chain_κ,R2,5P(BC),AGCTCAGCCAGTATG,anti-human
204,Mac-2_(Galectin-3),R2,5P(BC),GATGCAATTAGCCGG,anti-human
205,CD85j_(ILT2),R2,5P(BC),CCTTGTGAGGCTATG,anti-human
206,CD23,R2,5P(BC),TCTGTATAACCGTCT,anti-human
207,Ig_light_chain_λ,R2,5P(BC),CAGCCAGTAAGTCAC,anti-human
208,HLA-A2,R2,5P(BC),GAACATTTCCGACAA,anti-human
209,CD198_(CCR8),R2,5P(BC),AGCCCGGATGTATTT,anti-human
210,GARP_(LRRC32),R2,5P(BC),AGGTATGGTAGAGTA,anti-human
211,CD328_(Siglec-7),R2,5P(BC),CTTAGCATTTCACTG,anti-human
212,TCR_Vβ13.1,R2,5P(BC),TTATGGACGTATGGT,anti-human
213,GPR56,R2,5P(BC),GCCTAGTTTCCGTTT,anti-human
214,CD19,R2,5P(BC),GAGTCGAGAAATCAT,anti-human
215,MICA/MICB,R2,5P(BC),CCCGCAGTATAACGA,anti-human
216,CD82,R2,5P(BC),TCCCACTTCCGCTTT,anti-human
217,NKp80,R2,5P(BC),TATAGTTCCTCTGTG,anti-human
218,TSPAN33_(BAAM),R2,5P(BC),GAGTTCGTTGTTCCA,anti-human
219,CD131,R2,5P(BC),CTGCATGAGACCAAA,anti-human
220,Lymphotoxin_β_Receptor_(LT-βR),R2,5P(BC),CCTCTATTCAGAGCA,anti-human
221,A1,R2,5P(BC),CCCACTGGAGCAATT,anti-human
222,CD179a_(VpreB),R2,5P(BC),TAGATGGGATTCCGG,anti-human
223,CD74,R2,5P(BC),CTGTAGCATTTCCCT,anti-human
224,CD317_(BST2_Tetherin),R2,5P(BC),AAGAGCCGTTGTGAA,anti-human
225,LAP_(TGF-β1),R2,5P(BC),ATCCTTCCGATTGTG,anti-human
226,CD116,R2,5P(BC),ATGGACAGTTCGTGT,anti-human
227,CD37,R2,5P(BC),ACAGTCACTGGGCAA,anti-human
228,CD101_(BB27),R2,5P(BC),CTACTTCCCTGTCAA,anti-human
229,TNF-α,R2,5P(BC),CCTATGAACGTAACG,anti-human
230,CD321,R2,5P(BC),GACAGTACCGACACT,anti-human
231,HLA-DR_DP_DQ,R2,5P(BC),AGCTACGAGCAGTAG,anti-human
232,CD30,R2,5P(BC),TCAGGGTGTGCTGTA,anti-human
233,CD269_(BCMA),R2,5P(BC),CAGATGATCCACCAT,anti-human
234,Cadherin_11,R2,5P(BC),CGTTGCCATTAACCA,anti-human
235,CD324_(E-Cadherin),R2,5P(BC),ATCCTTCTCCCTTTC,anti-human
236,TCR_γ/δ,R2,5P(BC),CTTCCGATTCATTCA,anti-human
237,CD223_(LAG-3),R2,5P(BC),CATTTGTCTGCCGGT,anti-human
238,CD134_(OX40),R2,5P(BC),AACCCACCGTTGTTA,anti-human
239,CD58_(LFA-3),R2,5P(BC),GTTCCTATGGACGAC,anti-human
240,CD169_(Sialoadhesin_Siglec-1),R2,5P(BC),TACTCAGCGTGTTTG,anti-human
241,XCR1,R2,5P(BC),AAGACGCATGTCAAC,anti-human
242,Notch_1,R2,5P(BC),AATCTGTAGTGCGTT,anti-human
243,CD62E,R2,5P(BC),CTCCCTGTGGCTTAA,anti-human
244,CD135_(Flt-3/Flk-2),R2,5P(BC),CAGTAGATGGAGCAT,anti-human
245,CD357_(GITR),R2,5P(BC),ACCTTTCGACACTCG,anti-human
246,CD309_(VEGFR2),R2,5P(BC),TTCACGCAGTAAGAT,anti-human
247,CD124_(IL-4Rα),R2,5P(BC),CCGTCCTGATAGATG,anti-human
248,CD303_(BDCA-2),R2,5P(BC),GAGATGTCCGAATTT,anti-human
249,CD144_(VE-Cadherin),R2,5P(BC),TCCACTCATTCTGTA,anti-human
250,CD207_(Langerin),R2,5P(BC),CATTCTTCACGGGAT,anti-human
251,CD284_(TLR4),R2,5P(BC),GCTTAGCTGTATCCG,anti-human
252,CD200_(OX2),R2,5P(BC),CACGTAGACCTTTGC,anti-human
253,CD203c_(E-NPP3),R2,5P(BC),TAACCGTACCTGCAT,anti-human
254,CCR10,R2,5P(BC),ATCTGTATGTCACAG,anti-human
255,CD271_(NGFR),R2,5P(BC),AACCGCGCTTCAGAT,anti-human
256,CD138_(Syndecan-1),R2,5P(BC),GTATAGACCAAAGCC,anti-human
257,CD257_(BAFF_BLYS),R2,5P(BC),CAGAGCACCCATTAA,anti-human
258,CD24,R2,5P(BC),AGATTCCTTCGTGTT,anti-human
259,CD71,R2,5P(BC),CCGTGTTCCTCATTA,anti-human
260,CD196_(CCR6),R2,5P(BC),GATCCCTTTGTCACT,anti-human
261,CD70,R2,5P(BC),CGCGAACATAAGAAG,anti-human
262,CD49f,R2,5P(BC),TTCCGAGGATGATCT,anti-human
263,TIM-4,R2,5P(BC),CGTCATATAGTATGG,anti-human
264,CD172a_(SIRPα),R2,5P(BC),CGTGTTTAACTTGAG,anti-human
265,CD319_(CRACC),R2,5P(BC),AGTATGCCATGTCTT,anti-human
266,CD158f_(KIR2DL5),R2,5P(BC),AAAGTGATGCCACTG,anti-human
267,CD133,R2,5P(BC),GTAAGACGCCTATGC,anti-human
268,CD127_(IL-7Rα),R2,5P(BC),GTGTGTTGTCCTATG,anti-human
269,C5L2,R2,5P(BC),ACAATTTGTCTGCGA,anti-human
270,CD62L,R2,5P(BC),GTCCCTGCAACTTGA,anti-human
271,CD1d,R2,5P(BC),TCGAGTCGCTTATCA,anti-human
272,CD69,R2,5P(BC),GTCTCTTGGCTTAAA,anti-human
273,CD35,R2,5P(BC),ACTTCCGTCGATCTT,anti-human
274,integrin_β7,R2,5P(BC),TCCTTGGATGTACCG,anti-human
275,VEGFR-3_(FLT-4),R2,5P(BC),TGATCCGAAGTCGTG,anti-human
276,CD4,R2,5P(BC),TGTTCCCGCTCAACT,anti-human
277,CD340_(erbB2/HER-2),R2,5P(BC),CTGTAGCCGCCTATT,anti-human